SeqID	TaxID	sequence length	sequence
KY928180.1	2116275	498	TAAATAATGGGTATCAGCGAACGAATCCGCCTATAATAGCAAATCCTGGTCCTAGAGAAAGTTCATAATGAAAGTGGGCTACTACATAATATGTGTCATGTAAAATAATATCAATAGAGGAGTTTGCTAGAACAACTCCCGTTAAACCTCCAACGGTGAATAAAAATACAAATCCTAAGGCTCATAGGATGGCCGGTGAATAATTTAATTGAGTCCCATAAAGAGTAGCTAATCATCTAAAAATTTTAATACCAGTTGGTACAGCAATAATTATAGTTGCAGAAGTAAAATAGGCTCGTGTGTCTACATCTATACCAACAGTAAATATATGGTGAGCTCATACGATAAAACCAAGTAATCCAATAGCTAGTATAGCATAGATTATTCCTAATGACCCAAAAGTTTCTTTTTTTCCTGATTCTTGACTAATAATATGAGAAATTATTCCGAATCCAGGTAGAATTAAAATATAGACTTCTGGGTGACCAAAAAATCAAA
LK937083.1	1391633	677	AAAGATATTGGTACTTTATATTTTATTTTTGGAGCTTGATCTGGAATAATTGGTACATCTTTAAGAATATTAATTCGTACTGAATTAGGTCAACCAGGATCATTAATTGGAGATGACCAAATTTTTAATGTTATTGTTACAGCTCATGCATTTATTATAATTTTTTTTATAGTTATACCTATTTTAATTGGAGGATTTGGAAATTGATTAATTCCTTTAATACTTGGAGCTCCTGATATAGCTTTTCCACGAATAAATAATATAAGATTCTGACTTCTTCCACCTTCTTTAATTCTTCTACTTTCTAGTTCAATAGTAGAAAGAGGATCTGGAACTGGATGAACAGTTTACCCTCCTCTTTCTTCTACTATTGCTCATAGAGGTTCTTCTGTTGATTTAACTATTTTTAGACTTCACATAGCTGGAATTTCTTCAATTCTTGGAGCTATCAATTTTATTACTACATGTATTAATATACGACCTATAGGTATAAATATAGATAAAATACCTTTATTTGTTTGATCTGTATTTATTACAGCATTTTTACTATTATTATCTTTACCTGTTTTAGCAGGAGCTATTACTATACTTTTAACTGATCGTAATCTTAATACTTCATTCTTTGACCCTGCTGGAGGGGGTGACCCTATTTTATATCAACATTTATTTTGATTTTT
LK937082.1	1391633	677	AAAGATATTGGTACTTTATATTTTATTTTTGGAGCTTGATCTGGAATAATTGGTACATCTTTAAGAATATTAATTCGTACTGAATTAGGTCAACCAGGATCATTAATTGGAGATGACCAAATTTTTAATGTTATTGTTACAGCTCATGCATTTATTATAATTTTTTTTATAGTTATACCTATTTTAATTGGAGGATTTGGAAATTGATTAATTCCTTTAATACTTGGAGCTCCTGATATAGCTTTTCCACGAATAAATAATATAAGATTCTGACTTCTTCCACCTTCTTTAATTCTTCTACTTTCTAGTTCAATAGTAGAAAGAGGATCTGGAACTGGATGAACAGTTTACCCTCCTCTTTCTTCTACTATTGCTCATAGAGGTTCTTCTGTTGATTTAACTATTTTTAGACTTCACATAGCTGGAATTTCTTCAATTCTTGGAGCTATCAATTTTATTACTACATGTATTAATATACGACCTATAGGTATAAATATAGATAAAATACCTTTATTTGTTTGATCTGTATTTATTACAGCATTTTTACTATTATTATCTTTACCTGTTTTAGCAGGAGCTATTACTATACTTTTAACTGATCGTAATCTTAATACTTCATTCTTTGACCCTGCTGGAGGGGGTGACCCTATTTTATATCAACATTTATTTTGATTTTT
LK937081.1	1391633	677	AAAGATATTGGTACTTTATATTTTATTTTTGGAGCTTGATCTGGAATAATTGGTACATCTTTAAGAATATTAATTCGTACTGAATTAGGTCAACCAGGATCATTAATTGGAGATGACCAAATTTTTAATGTTATTGTTACAGCTCATGCATTTATTATAATTTTTTTTATAGTTATACCTATTTTAATTGGAGGATTTGGAAATTGATTAATTCCTTTAATACTTGGAGCTCCTGATATAGCTTTTCCACGAATAAATAATATAAGATTCTGACTTCTTCCACCTTCTTTAATTCTTCTACTTTCTAGTTCAATAGTAGAAAGAGGATCTGGAACTGGATGAACAGTTTACCCTCCTCTTTCTTCTACTATTGCTCATAGAGGTTCTTCTGTTGATTTAACTATTTTTAGACTTCACATAGCTGGAATTTCTTCAATTCTTGGAGCTATCAATTTTATTACTACATGTATTAATATACGACCTATAGGTATAAATATAGATAAAATACCTTTATTTGTTTGATCTGTATTTATTACAGCATTTTTACTATTATTATCTTTACCTGTTTTAGCAGGAGCTATTACTATACTTTTAACTGATCGTAATCTTAATACTTCATTCTTTGACCCTGCTGGAGGGGGTGACCCTATTTTATATCAACATTTATTTTGATTTTT
LK937080.1	1391633	677	AAAGATATTGGTACTTTATATTTTATTTTTGGAGCTTGATCTGGAATAATTGGTACATCTTTAAGAATATTAATTCGTACTGAATTAGGTCAACCAGGATCATTAATTGGAGATGACCAAATTTTTAATGTTATTGTTACAGCTCATGCATTTATTATAATTTTTTTTATAGTTATACCTATTTTAATTGGAGGATTTGGAAATTGATTAATTCCTTTAATACTTGGAGCTCCTGATATAGCTTTTCCACGAATAAATAATATAAGATTCTGACTTCTTCCACCTTCTTTAATTCTTCTACTTTCTAGTTCAATAGTAGAAAGAGGATCTGGAACTGGATGAACAGTTTACCCTCCTCTTTCTTCTACTATTGCTCATAGAGGTTCTTCTGTTGATTTAACTATTTTTAGACTTCACATAGCTGGAATTTCTTCAATTCTTGGAGCTATCAATTTTATTACTACATGTATTAATATACGACCTATAGGTATAAATATAGATAAAATACCTTTATTTGTTTGATCTGTATTTATTACAGCATTTTTACTATTATTATCTTTACCTGTTTTAGCAGGAGCTATTACTATACTTTTAACTGATCGTAATCTTAATACTTCATTCTTTGACCCTGCTGGAGGGGGTGACCCTATTTTATATCAACATTTATTTTGATTTTT
LK937079.1	1391633	677	AAAGATATTGGTACTTTATATTTTATTTTTGGAGCTTGATCTGGAATAATTGGTACATCTTTAAGAATATTAATTCGTACTGAATTAGGTCAACCAGGATCATTAATTGGAGATGACCAGATTTTTAATGTTATTGTTACAGCTCATGCATTTATTATAATTTTTTTTATAGTTATACCTATTTTAATTGGAGGATTTGGAAATTGATTAATTCCTTTAATACTTGGAGCTCCTGATATAGCTTTTCCACGAATAAATAATATAAGATTCTGACTTCTTCCACCTTCTTTAATTCTTCTACTTTCTAGTTCAATAGTAGAAAGAGGATCTGGAACTGGATGAACAGTTTACCCTCCTCTTTCTTCTACTATTGCTCATAGAGGTTCTTCTGTTGATTTAACTATTTTTAGACTTCACATAGCTGGAATTTCTTCAATTCTTGGAGCTATCAATTTTATTACTACATGTATTAATATACGACCTATAGGTATAAATATAGATAAAATACCTTTATTTGTTTGATCTGTATTTATTACAGCATTTTTACTATTATTATCTTTACCTGTTTTAGCAGGAGCTATTACTATACTTTTAACTGATCGTAATCTTAATACTTCATTCTTTGACCCTGCTGGAGGGGGTGACCCTATTTTATATCAACATTTATTTTGATTTTT
LK937078.1	1391633	677	AAAGATATTGGTACTTTATATTTTATTTTTGGAGCTTGATCTGGAATAATTGGTACATCTTTAAGAATATTAATTCGTACTGAATTAGGTCAACCAGGATCATTAATTGGAGATGACCAAATTTTTAATGTTATTGTTACAGCTCATGCATTTATTATAATTTTTTTTATAGTTATACCTATTTTAATTGGAGGATTTGGAAATTGATTAATTCCTTTAATACTTGGAGCTCCTGATATAGCTTTTCCACGAATAAATAATATAAGATTCTGACTTCTTCCACCTTCTTTAATTCTTCTACTTTCTAGTTCAATAGTAGAAAGAGGATCTGGAACTGGATGAACAGTTTACCCTCCTCTTTCTTCTACTATTGCTCATAGAGGTTCTTCTGTTGATTTAACTATTTTTAGACTTCACATAGCTGGAATTTCTTCAATTCTTGGAGCTATCAATTTTATTACTACATGTATTAATATACGACCTATAGGTATAAATATAGATAAAATACCTTTATTTGTTTGATCTGTATTTATTACAGCATTTTTACTATTATTATCTTTACCTGTTTTAGCAGAAGCTATTACTATACTTTTAACTGATCGTAATCTTAATACTTCATTCTTTGACCCTGCTGGAGGGGGTGACCCTATTTTATATCAACATTTATTTTGATTTTT
LK937077.1	1391633	677	AAAGATATTGGTACTTTATATTTTATTTTTGGAGCTTGATCTGGAATAATTGGTACATCTTTAAGAATATTAATTCGTACTGAATTAGGTCAACCAGGATCATTAATTGGAGATGACCAAATTTTTAATGTTATTGTTACAGCTCATGCATTTATTATAATTTTTTTTATAGTTATACCTATTTTAATTGGAGGATTTGGAAATTGATTAATTCCTTTAATACTTGGAGCTCCTGATATAGCTTTTCCACGAATAAATAATATAAGATTCTGACTTCTTCCACCTTCTTTAATTCTTCTACTTTCTAGTTCAATAGTAGAAAGAGGATCTGGAACTGGATGAACAGTTTACCCTCCTCTTTCTTCTACTATTGCTCATAGAGGTTCTTCTGTTGATTTAACTATTTTTAGACTTCACATAGCTGGAATTTCTTCAATTCTTGGAGCTATCAATTTTATTACTACATGTATTAATATACGACCTATAGGTATAAATATAGATAAAATACCTTTATTTGTTTGATCTGTATTTATTACAGCATTTTTACTATTATTATCTTTACCTGTTTTAGCAGGAGCTATTACTATACTTTTAACTGATCGTAATCTTAATACTTCATTCTTTGACCCTGCTGGAGGGGGTGACCCTATTTTATATCAACATTTATTTTGATTTTT
LK937076.1	1391633	677	AAAGATATTGGTACTTTATATTTTATTTTTGGAGCTTGATCTGGAATAATTGGTACATCTTTAAGAATATTAATTCGTACTGAATTAGGTCAACCAGGATCATTAATTGGAGATGACCAAATTTTTAATGTTATTGTTACAGCTCATGCATTTATTATAATTTTTTTTATAGTTATACCTATTTTAATTGGAGGATTTGGAAATTGATTAATTCCTTTAATACTTGGAGCTCCTGATATAGCTTTTCCACGAATAAATAATATAAGATTCTGACTTCTTCCACCTTCTTTAATTCTTCTACTTTCTAGTTCAATAGTAGAAAGAGGATCTGGAACTGGATGAACAGTTTACCCTCCTCTTTCTTCTACTATTGCTCATAGAGGTTCTTCTGTTGATTTAACTATTTTTAGACTTCACATAGCTGGAATTTCTTCAATTCTTGGAGCTATCAATTTTATTACTACATGTATTAATATACGACCTATAGGTATAAATATAGATAAAATACCTTTATTTGTTTGATCTGTATTTATTACAGCATTTTTACTATTATTATCTTTACCTGTTTTAGCAGGAGCTATTACTATACTTTTAACTGATCGTAATCTTAATACTTCATTCTTTGACCCTGCTGGAGGGGGTGACCCTATTTTATATCAACATTTATTTTGATTTTT
LK937075.1	1391633	677	AAAGATATTGGTACTTTATATTTTATTTTTGGAGCTTGATCTGGAATAATTGGTACATCTTTAAGAATATTAATTCGTACTGAATTAGGTCAACCAGGATCATTAATTGGAGATGACCAAATTTTTAATGTTATTGTTACAGCTCATGCATTTATTATAATTTTTTTTATAGTTATACCTATTTTAATTGGAGGATTTGGAAATTGATTAATTCCTTTAATACTTGGAGCTCCTGATATAGCTTTTCCACGAATAAATAATATAAGATTCTGACTTCTTCCACCTTCTTTAATTCTTCTACTTTCTAGTTCAATAGTAGAAAGAGGATCTGGAACTGGATGAACAGTTTACCCTCCTCTTTCTTCTACTATTGCTCATAGAGGTTCTTCTGTTGATTTAACTATTTTTAGACTTCACATAGCTGGAATTTCTTCAATTCTTGGAGCTATCAATTTTATTACTACATGTATTAATATACGACCTATAGGTATAAATATAGATAAAATACCTTTATTTGTTTGATCTGTATTTATTACAGCATTTTTACTATTATTATCTTTACCTGTTTTAGCAGGAGCTATTACTATACTTTTAACTGATCGTAATCTTAATACTTCATTCTTTGACCCTGCTGGAGGGGGTGACCCTATTTTATATCAACATTTATTTTGATTTTT
LK937074.1	1391633	677	AAAGATATTGGTACTTTATATTTTATTTTTGGAGCTTGATCTGGAATAATTGGTACATCTTTAAGAATATTAATTCGTACTGAATTAGGTCAACCAGGATCATTAATTGGAGATGACCAAATTTTTAATGTTATTGTTACAGCTCATGCATTTATTATAATTTTTTTTATAGTTATACCTATTTTAATTGGAGGATTTGGAAATTGATTAATTCCTTTAATACTTGGAGCTCCTGATATAGCTTTTCCACGAATAAATAATATAAGATTCTGACTTCTTCCACCTTCTTTAATTCTTCTACTTTCTAGTTCAATAGTAGAAAGAGGATCTGGAACTGGATGAACAGTTTACCCTCCTCTTTCTTCTACTATTGCTCATAGAGGTTCTTCTGTTGATTTAACTATTTTTAGACTTCACATAGCTGGAATTTCTTCAATTCTTGGAGCTATCAATTTTATTACTACATGTATTAATATACGACCTATAGGTATAAATATAGATAAAATACCTTTATTTGTTTGATCTGTATTTATTACAGCATTTTTACTATTATTATCTTTACCTGTTTTAGCAGGAGCTATTACTATACTTTTAACTGATCGTAATCTTAATACTTCATTCTTTGACCCTGCTGGAGGGGGTGACCCTATTTTATATCAACATTTATTTTGATTTTT
LK937073.1	1391633	677	AAAGATATTGGTACTTTATATTTTATTTTTGGAGCTTGATCTGGAATAATTGGTACATCTTTAAGAATATTAATTCGTACTGAATTAGGTCAACCAGGATCATTAATTGGAGATGACCAAATTTTTAATGTTATTGTTACAGCTCATGCATTTATTATAATTTTTTTTATAGTTATACCTATTTTAATTGGAGGATTTGGAAATTGATTAATTCCTTTAATACTTGGAGCTCCTGATATAGCTTTTCCACGAATAAATAATATAAGATTCTGACTTCTTCCACCTTCTTTAATTCTCCTACTTTCTAGTTCAATAGTAGAAAGAGGATCTGGAACTGGATGAACAGTTTACCCTCCTCTTTCTTCTACTATTGCTCATAGAGGTTCTTCTGTTGATTTAACTATTTTTAGACTTCACATAGCTGGAATTTCTTCAATTCTTGGAGCTATCAATTTTATTACTACATGTATTAATATACGACCTATAGGTATAAATATAGATAAAATACCTTTATTTGTTTGATCTGTATTTATTACAGCATTTTTACTATTATTATCTTTACCTGTTTTAGCAGGAGCTATTACTATACTTTTAACTGATCGTAATCTTAATACTTCATTCTTTGACCCTGCTGGAGGGGGTGACCCTATTTTATATCAACATTTATTTTGATTTTT
LK937072.1	1391633	677	AAAGATATTGGTACTTTATATTTTATTTTTGGAGCTTGATCTGGAATAATTGGTACATCTTTAAGAATATTAATTCGTACTGAATTAGGACAACAAGGATCATTAATTGGAGATGACCAAATTTTTAATGTTATTGTTACAGCTCATGCATTTATTATAATTTTTTTTATAGTTATACCTATTTTAATTGGAGGATTTGGAAATTGATTAATTCCTTTAATACTTGGAGCTCCTGATATAGCTTTTCCACGAATAAATAATATAAGATTCTGACTTCTTCCACCTTCTTTAATTCTTCTACTTTCTAGTTCAATAGTAGAAAGAGGATCTGGAACTGGATGAACAGTTTACCCTCCTCTTTCTTCTACTATTGCTCATAGAGGTTCTTCTGTTGATTTAACTATTTTTAGACTTCACATAGCTGGAATTTCTTCAATTCTTGGAGCTATCAATTTTATTACTACATGTATTAATATACGACCTATAGGTATAAATATAGATAAAATACCTTTATTTGTTTGATCTGTATTTATTACAGCATTTTTACTATTATTATCTTTACCTGTTTTAGCAGGAGCTATTACTATACTTTTAACTGATCGTAATCTTAATACTTCATTCTTTGACCCTGCTGGAGGGGGTGACCCTATTTTATATCAACATTTATTTTGATTTTT
LK937071.1	1391633	677	AAAGATATTGGTACTTTATATTTTATTTTTGGAGCTTGATCTGGAATAATTGGTACATCTTTAAGAATATTAATTCGTACTGAATTAGGTCAACCAGGATCATTAATTGGAGATGACCAAATTTTTAATGTTATTGTTACAGCTCATGCATTTATTATAATTTTTTTTATAGTTATACCTATTTTAATTGGAGGATTTGGAAATTGATTAATTCCTTTAATACTTGGAGCTCCTGATATAGCTTTTCCACGAATAAATAATATAAGATTCTGACTTCTTCCACCTTCTTTAATTCTTCTACTTTCTAGTTCAATAGTAGAAAGAGGATCTGGAACTGGATGAACAGTTTACCCTCCTCTTTCTTCTACTATTGCTCATAGAGGTTCTTCTGTTGATTTAACTATTTTTAGACTTCACATAGCTGGAATTTCTTCAATTCTTGGAGCTATCAATTTTATTACTACATGTATTAATATACGACCTATAGGTATAAATATAGATAAAATACCTTTATTTGTTTGATCTGTATTTATTACAGCATTTTTACTATTATTATCTTTACCTGTTTTAGCAGGAGCTATTACTATACTTTTAACTGATCGTAATCTTAATACTTCATTCTTTGACCCTGCTGGAGGGGGTGACCCTATTTTATATCAACATTTATTTTGATTTTT
